head restraint;tp
doors;tp
locking lever;tp
front passenger safety belt;tp
operating and safety information;tp
mounts;tp
mounting point cover;tp
headrest height;tp
windows;tp
button;tp
rear doors;tp
vehicle equipment;tp
vehicle seat;tp
head restraints;tp
front passenger seat;tp
backrest width;tp
belt;tp
rear: safety switch;fp
upper retaining strap;tp
mounting point;tp
internal harnesses;tp
accident;tp
mounting point/eye;tp
retaining strap;tp
front passenger airbags;tp
through-loading system;tp
upper mounting point;tp
child seat security;tp
latch anchors;tp
rear seat backrests;tp
strap guide;tp
mounting child restraint;fp
mounting eyes;tp
mounting points;tp
upper fixing point;tp
latch child restraint fixing systems;tp
passenger seat;tp
seat;tp
belt guide;fp
hook;tp
strap;tp
airbags;tp
child restraint fixing system;tp
rear seat backrest;tp
all backrests;fp
user's manual;tp
crs;tp
safety belt;tp
latch child restraint fixing system;tp
mounting eye;tp
child restraint fixing systems;tp
tether;tp
rear safety belts;tp
door;tp
back seat;tp
front, knee and side airbags;tp
backrest;tp
child seat;tp
safety switch;tp
tether strap;tp
rear window shelf;fn
harness;fn
side airbags;fn
lower anchors and tether for children;fn
belt guide position;fn
manual;fn
lower latch anchorss;fn
passenger airbags;fn
belt webbing;fn
latch;fn
travel head restraint;fn
passenger safety belt;fn
fixing point;fn
lower latch anchors;fn
belt buckle;fn
headrest;fn
seat backrest;fn
