harnesses;tp
head restraint;tp
retaining strap;tp
doors;tp
backrests;tp
headrest height;tp
windows;tp
button;tp
mounts;tp
operating;fp
side airbags;tp
vehicle seat;tp
head restraints;tp
latch child restraint fixing systems;tp
child restraint fixing systems;tp
backrest width;tp
belt;tp
mounting point;tp
hook;tp
child seat security;tp
safety belts;tp
manual;tp
belt guide position;tp
latch anchors;tp
passenger airbags;tp
strap guide;tp
crs;tp
belt webbing;tp
latch;tp
passenger seat;tp
seat;tp
strap;tp
airbags;tp
child restraint fixing system;tp
passenger safety belt;tp
fixing point;tp
safety belt;tp
latch child restraint fixing system;tp
belt buckle;tp
tether;tp
door;tp
back seat;tp
child seat;tp
safety switch;tp
backrest;tp
internal harness;fn
tether strap;fn
rear safety belt;fn
locking lever;fn
front passenger safety belt;fn
mounting point cover;fn
rear window shelf;fn
rear doors;fn
vehicle equipment;fn
lower anchors and tether for children;fn
through-loading system;fn
accident;fn
mounting point/eye;fn
front passenger airbags;fn
upper mounting point;fn
lower latch anchorss;fn
mounting eyes;fn
upper fixing point;fn
operating and safety information;fn
travel head restraint;fn
rear seat backrest;fn
lower latch anchors;fn
front passenger seat;fn
upper retaining strap;fn
headrest;fn
user's manual;fn
front, knee and side airbags;fn
seat backrest;fn
