latch;tp
crs;tp
head restraint;fn
internal harness;fn
tether strap;fn
rear safety belt;fn
locking lever;fn
front passenger safety belt;fn
retaining strap;fn
mounting point cover;fn
rear window shelf;fn
headrest height;fn
windows;fn
harness;fn
rear doors;fn
vehicle equipment;fn
side airbags;fn
vehicle seat;fn
lower anchors and tether for children;fn
backrest width;fn
belt;fn
through-loading system;fn
mounting point;fn
hook;fn
accident;fn
mounting point/eye;fn
front passenger airbags;fn
upper mounting point;fn
belt guide position;fn
child seat security;fn
mount;fn
manual;fn
latch anchors;fn
lower latch anchorss;fn
passenger airbags;fn
strap guide;fn
belt webbing;fn
mounting eyes;fn
button;fn
upper fixing point;fn
operating and safety information;fn
travel head restraint;fn
seat;fn
strap;fn
airbags;fn
child restraint fixing system;fn
rear seat backrest;fn
passenger safety belt;fn
fixing point;fn
safety belt;fn
lower latch anchors;fn
latch child restraint fixing system;fn
front passenger seat;fn
belt buckle;fn
upper retaining strap;fn
headrest;fn
tether;fn
door;fn
passenger seat;fn
back seat;fn
user's manual;fn
front, knee and side airbags;fn
child seat;fn
seat backrest;fn
safety switch;fn
backrest;fn
