latch child restraint fixing system,13
child restraint fixing system,11
child restraint fixing systems,9
front passenger seat,6
belt,5
backrest,5
latch anchors,4
safety belt,4
mounts,3
upper retaining strap,3
accident,3
front passenger airbags,3
child seat,3
head restraint,2
doors,2
windows,2
backrest width,2
through-loading system,2
seat,2
airbags,2
"front, knee and side airbags",2
locking lever,1
front passenger safety belt,1
operating and safety information,1
mounting point cover,1
headrest height,1
button,1
rear doors,1
vehicle equipment,1
vehicle seat,1
head restraints,1
rear: safety switch,1
mounting point,1
internal harnesses,1
mounting point/eye,1
retaining strap,1
upper mounting point,1
child seat security,1
rear seat backrests,1
strap guide,1
mounting child restraint,1
mounting eyes,1
mounting points,1
upper fixing point,1
latch child restraint fixing systems,1
passenger seat,1
belt guide,1
hook,1
strap,1
rear seat backrest,1
all backrests,1
user's manual,1
crs,1
mounting eye,1
tether,1
rear safety belts,1
door,1
back seat,1
safety switch,1
tether strap,1
