child restraint fixing system,13
latch child restraint fixing system,13
passenger seat,6
backrest,6
child restraint fixing systems,4
belt,4
safety belt,4
retaining strap,3
mounts,3
passenger airbags,3
strap,3
child seat,3
head restraint,2
doors,2
backrests,2
windows,2
side airbags,2
head restraints,2
backrest width,2
latch anchors,2
belt webbing,2
seat,2
airbags,2
door,2
harnesses,1
headrest height,1
button,1
operating,1
vehicle seat,1
latch child restraint fixing systems,1
mounting point,1
hook,1
child seat security,1
safety belts,1
manual,1
belt guide position,1
strap guide,1
crs,1
latch,1
passenger safety belt,1
fixing point,1
belt buckle,1
tether,1
back seat,1
safety switch,1
